id,username,email,password
5f7dcf15-1d52-4d9b-877a-01b9e8d6b234,user1,user1@example.com,pass123
db8d3e79-d579-4c5a-a92b-549e17e8c6c2,user2,user2@example.com,pass456
f9a3353f-1f38-4ed7-98cc-870e328af432,user3,user3@example.com,pass789
81b7a6e4-d5c9-4e5e-9a0b-7e13431b59f6,user4,user4@example.com,passabc
6e8ab6a0-3ef5-4f16-ae3a-032ad3d7e8f9,user5,user5@example.com,passdef
e0f483d2-97b0-4c8b-9a32-0585e3bc7a29,user6,user6@example.com,passxyz
c9451fe8-6353-4a0e-8f0d-7ebe0490a5e2,user7,user7@example.com,pass1234
ae3f4e6d-0dc3-4217-874e-09e9be811497,user8,user8@example.com,pass5678
6d4e97ad-9e4b-4e14-8767-1a55bb8769e6,user9,user9@example.com,pass9012
d95d7d3b-3700-401b-93d4-258bb9e95754,user10,user10@example.com,passabcd
f0d2f17a-5270-4a23-8692-c2b1e79eb1f1,user11,user11@example.com,passefgh
16c0467a-f011-43d5-a2d7-0e34a0cc0bdc,user12,user12@example.com,passijkl
399e90ad-9b7e-4157-af70-513aee60ea4a,user13,user13@example.com,passmnop
8aaf1189-b9f3-48e3-8308-7d4dc5f1bb41,user14,user14@example.com,passqrst
ccce1b33-d100-4e0c-b5d0-43b9ed2db0e6,user15,user15@example.com,passuvwx
0e4e3c7a-d33e-4ae7-8fb5-d64b0e3b62c3,user16,user16@example.com,passyzab
3d09e745-c7c5-477c-9a2b-1bdf78d3fe3a,user17,user17@example.com,pass5678
6fe25a32-8ebe-4c77-8df5-71633c3d7279,user18,user18@example.com,pass9012
4bea7d55-4c72-47ef-8b84-259bc4da2c0d,user19,user19@example.com,passabcd
ea5632e4-54c7-4d27-b9a1-29949e888d50,user20,user20@example.com,passefgh
